Workbook
Name مقسم_طريقة_العرض_التصنيف: #N/A
Name مقسم_طريقة_العرض_المدينة: #N/A
Name مقسم_طريقة_العرض_دار_النشر: #N/A

Sheet poivet
A3: المخططات | B3: <------- | C3: التصنيف | D3: عدد الكتب المباعة | F3: دار النشر | G3: إجمالي الإيرادات | I3: المدينة | J3: إجمالي الزوار | L3: الجناح | M3: إجمالي الكتب المباعة | O3: أيام المعرض | P3: تطور عدد الزوار
C4: أدب | D4: 1100 | F4: الابداع | G4: 41100 | I4: الدمام | J4: 4400 | L4: A1 | M4: 1100 | O4: 01-Jan | P4: 1270
C5: أطفال | D5: 1370 | F5: الفكر | G5: 23700 | I5: الرياض | J5: 3710 | L5: A2 | M5: 790 | O5: 02-Jan | P5: 1380
C6: تاريخ | D6: 790 | F6: المعرفة | G6: 33000 | I6: جدة | J6: 2830 | L6: A3 | M6: 1370 | O6: 03-Jan | P6: 1520
C7: الإجمالي الكلي | D7: 3260 | F7: الإجمالي الكلي | G7: 97800 | I7: الإجمالي الكلي | J7: 10940 | L7: الإجمالي الكلي | M7: 3260 | O7: 04-Jan | P7: 1470
O8: 05-Jan | P8: 1640
O9: 06-Jan | P9: 1760
C10: الجناح | D10: اجمالي الإيرادات | O10: 07-Jan | P10: 1900
C11: A1 | D11: 33000 | O11: الإجمالي الكلي | P11: 10940
C12: A2 | D12: 23700
C13: A3 | D13: 41100
C14: الإجمالي الكلي | D14: 97800

Sheet KPI
A2: KPI | C2: <---------- | D2: إجمالي الكتب المباعة | G2: اجمالي الإيرادات | K2: متوسط الزوار اليومي
D3: =SUM('معرض الكتاب'!E1:E22) -> 3260 | G3: =SUM('معرض الكتاب'!F1:F22) -> 97800 | K3: =AVERAGE('معرض الكتاب'!G1:G22) -> 520.95238
D10: افضل دار نشر | G10: اعلى تصنيف مبيعًا
D12: =_xlfn.XLOOKUP(MAX('معرض الكتاب'!F1:F22),'معرض الكتاب'!F1:F22,'معرض الكتاب'!C1:C22,0,0,1) -> الإبداع | G12: =_xlfn.XLOOKUP(MAX('معرض الكتاب'!E1:E22),'معرض الكتاب'!E1:E22,'معرض الكتاب'!D1:D22,0,0,1) -> أطفال

Sheet Dashbord
G2: إجمالي الإيرادات | K2: إجمالي الكتب المباعة | O2: إجمالي الزوار | S2: عدد دور النشر المشاركة
G3: =SUM('معرض الكتاب'!F1:F22) -> 97800 | K3: =SUM('معرض الكتاب'!E1:E22) -> 3260 | O3: =SUM('معرض الكتاب'!G1:G22) -> 10940 | S3: =COUNTA('معرض الكتاب'!E26:E28) -> 3

Sheet معرض الكتاب
A1: التاريخ | B1: الجناح | C1: دار النشر | D1: التصنيف | E1: عدد الكتب المباعة | F1: الإيرادات | G1: عدد الزوار | H1: المدينة | I1: تصنيف النجاح
A2: 01-Jan | B2: A1 | C2: المعرفة | D2: أدب | E2: 120 | F2: 3600 | G2: 450 | H2: الرياض
A3: 01-Jan | B3: A2 | C3: الفكر | D3: تاريخ | E3: 80 | F3: 2400 | G3: 320 | H3: جدة
A4: 01-Jan | B4: A3 | C4: الإبداع | D4: أطفال | E4: 150 | F4: 4500 | G4: 500 | H4: الدمام | I4: =IF(F4>5000,"أداء مرتفع","أداء منخفض") -> أداء منخفض
A5: 02-Jan | B5: A1 | C5: المعرفة | D5: أدب | E5: 140 | F5: 4200 | G5: 480 | H5: الرياض | I5: =IF(F5>5000,"أداء مرتفع","أداء منخفض") -> أداء منخفض
A6: 02-Jan | B6: A2 | C6: الفكر | D6: تاريخ | E6: 90 | F6: 2700 | G6: 350 | H6: جدة | I6: =IF(F6>5000,"أداء مرتفع","أداء منخفض") -> أداء منخفض
A7: 02-Jan | B7: A3 | C7: الإبداع | D7: أطفال | E7: 170 | F7: 5100 | G7: 550 | H7: الدمام | I7: =IF(F7>5000,"أداء مرتفع","أداء منخفض") -> أداء مرتفع
A8: 03-Jan | B8: A1 | C8: المعرفة | D8: أدب | E8: 160 | F8: 4800 | G8: 520 | H8: الرياض | I8: =IF(F8>5000,"أداء مرتفع","أداء منخفض") -> أداء منخفض
A9: 03-Jan | B9: A2 | C9: الفكر | D9: تاريخ | E9: 110 | F9: 3300 | G9: 400 | H9: جدة | I9: =IF(F9>5000,"أداء مرتفع","أداء منخفض") -> أداء منخفض
A10: 03-Jan | B10: A3 | C10: الإبداع | D10: أطفال | E10: 180 | F10: 5400 | G10: 600 | H10: الدمام | I10: =IF(F10>5000,"أداء مرتفع","أداء منخفض") -> أداء مرتفع
A11: 04-Jan | B11: A1 | C11: المعرفة | D11: أدب | E11: 130 | F11: 3900 | G11: 470 | H11: الرياض | I11: =IF(F11>5000,"أداء مرتفع","أداء منخفض") -> أداء منخفض
A12: 04-Jan | B12: A2 | C12: الفكر | D12: تاريخ | E12: 100 | F12: 3000 | G12: 380 | H12: جدة | I12: =IF(F12>5000,"أداء مرتفع","أداء منخفض") -> أداء منخفض
A13: 04-Jan | B13: A3 | C13: الإبداع | D13: أطفال | E13: 190 | F13: 5700 | G13: 620 | H13: الدمام | I13: =IF(F13>5000,"أداء مرتفع","أداء منخفض") -> أداء مرتفع
A14: 05-Jan | B14: A1 | C14: المعرفة | D14: أدب | E14: 170 | F14: 5100 | G14: 540 | H14: الرياض | I14: =IF(F14>5000,"أداء مرتفع","أداء منخفض") -> أداء مرتفع
A15: 05-Jan | B15: A2 | C15: الفكر | D15: تاريخ | E15: 120 | F15: 3600 | G15: 420 | H15: جدة | I15: =IF(F15>5000,"أداء مرتفع","أداء منخفض") -> أداء منخفض
... A22: 07-Jan | B22: A3 | C22: الإبداع | D22: أطفال | E22: 250 | F22: 7500 | G22: 750 | H22: الدمام | I22: =IF(F22>5000,"أداء مرتفع","أداء منخفض") -> أداء مرتفع
E24: مجموع الإيرادات لكل دار نشر
A25: عدد الأيام التي تجاوزت فيها المبيعات ١٥٠ كتابًا ف تصنيف الأطفال | C25: =COUNTIFS(D1:D22,D22,E1:E22,">150") -> 6 | E25: دار النشر | F25: مجموع الإيرادات
E26: المعرفة | F26: =SUMIF(C1:C22,C2,F1:F22) -> 33000
A27: إجمالي الإيرادات لتصنيف الأدب | C27: =SUMIF(D1:D22,D17,F1:F22) -> 33000 | E27: الفكر | F27: =SUMIF(C2:C23,C3,F2:F23) -> 23700
E28: الابداع | F28: =SUMIF(C3:C24,C4,F3:F24) -> 41100
A29: اجمالي الزوار حسب المدينة
B31: دار النشر | C31: المدينة
B32: الفكر | C32: =_xlfn.XLOOKUP(B32,C1:C22,H1:H22,"",0,1) -> جدة
